Accession;Taxid;Species_name;Superorder;Protein ID;Bit score;Ratio;KRAB;SSXRD;ZF;total_domains
GCF_002891405.2;105785;Cryptotermes secundus;Polyneoptera;XP_023708049.2;139.0;1.4212678936605316;1;1;1;4
GCF_000697945.3;133901;Frankliniella occidentalis;Paraneoptera;XP_026278869.2;141.0;1.2818181818181817;1;1;1;4
GCF_000696155.1;136037;Zootermopsis nevadensis;Polyneoptera;XP_021927980.1;135.0;1.3860369609856262;1;1;1;4
GCF_012932325.1;161013;Thrips palmi;Paraneoptera;XP_034237838.1;129.0;1.2524271844660195;1;1;1;4
GCA_013340265.1;36987;Coptotermes formosanus;Polyneoptera;GFG28833.1;144.0;1.3846153846153846;1;1;1;4
GCA_947858975.1;380381;Callosobruchus analis;Endopterygota;CAI5839466.1;119.0;1.1018518518518519;1;1;1;4
GCA_018342105.1;63699;Gonioctena quinquepunctata;Endopterygota;KAG5867302.1;64.3;1.0916808149405772;1;1;1;4
GCA_030220185.1;6984;Diploptera punctata;Polyneoptera;KAJ9577987.1;152.0;1.54158215010142;1;1;1;4
